Minggu,Resep masakan: (Indonesia)
2018-06-03,55
2018-06-10,61
2018-06-17,30
2018-06-24,32
2018-07-01,33
2018-07-08,34
2018-07-15,36
2018-07-22,37
2018-07-29,37
2018-08-05,36
2018-08-12,39
2018-08-19,66
2018-08-26,46
2018-09-02,39
2018-09-09,43
2018-09-16,41
2018-09-23,37
2018-09-30,35
2018-10-07,38
2018-10-14,38
2018-10-21,37
2018-10-28,35
2018-11-04,38
2018-11-11,38
2018-11-18,39
2018-11-25,38
2018-12-02,37
2018-12-09,35
2018-12-16,39
2018-12-23,39
2018-12-30,39
2019-01-06,37
2019-01-13,40
2019-01-20,41
2019-01-27,41
2019-02-03,40
2019-02-10,42
2019-02-17,38
2019-02-24,36
2019-03-03,37
2019-03-10,37
2019-03-17,39
2019-03-24,36
2019-03-31,39
2019-04-07,36
2019-04-14,34
2019-04-21,34
2019-04-28,36
2019-05-05,62
2019-05-12,55
2019-05-19,52
2019-05-26,56
2019-06-02,54
2019-06-09,34
2019-06-16,35
2019-06-23,36
2019-06-30,35
2019-07-07,36
2019-07-14,36
2019-07-21,36
2019-07-28,36
2019-08-04,40
2019-08-11,62
2019-08-18,38
2019-08-25,37
2019-09-01,35
2019-09-08,34
2019-09-15,35
2019-09-22,34
2019-09-29,35
2019-10-06,33
2019-10-13,33
2019-10-20,33
2019-10-27,32
2019-11-03,34
2019-11-10,33
2019-11-17,32
2019-11-24,32
2019-12-01,31
2019-12-08,31
2019-12-15,34
2019-12-22,36
2019-12-29,38
2020-01-05,37
2020-01-12,36
2020-01-19,37
2020-01-26,36
2020-02-02,35
2020-02-09,36
2020-02-16,35
2020-02-23,35
2020-03-01,34
2020-03-08,36
2020-03-15,37
2020-03-22,48
2020-03-29,60
2020-04-05,73
2020-04-12,74
2020-04-19,86
2020-04-26,97
2020-05-03,95
2020-05-10,87
2020-05-17,100
2020-05-24,58
2020-05-31,55
2020-06-07,51
2020-06-14,55
2020-06-21,53
2020-06-28,53
2020-07-05,51
2020-07-12,43
2020-07-19,40
2020-07-26,58
2020-08-02,46
2020-08-09,39
2020-08-16,40
2020-08-23,35
2020-08-30,35
2020-09-06,35
2020-09-13,36
2020-09-20,36
2020-09-27,34
2020-10-04,35
2020-10-11,37
2020-10-18,35
2020-10-25,36
2020-11-01,32
2020-11-08,32
2020-11-15,33
2020-11-22,33
2020-11-29,31
2020-12-06,32
2020-12-13,34
2020-12-20,36
2020-12-27,39
2021-01-03,32
2021-01-10,32
2021-01-17,34
2021-01-24,37
2021-01-31,38
2021-02-07,36
2021-02-14,35
2021-02-21,35
2021-02-28,30
2021-03-07,33
2021-03-14,31
2021-03-21,31
2021-03-28,31
2021-04-04,32
2021-04-11,52
2021-04-18,46
2021-04-25,45
2021-05-02,49
2021-05-09,53
2021-05-16,34
2021-05-23,31
2021-05-30,29
2021-06-06,29
2021-06-13,30
2021-06-20,34
2021-06-27,34
2021-07-04,36
2021-07-11,38
2021-07-18,63
2021-07-25,41
2021-08-01,35
2021-08-08,36
2021-08-15,33
2021-08-22,31
2021-08-29,31
2021-09-05,29
2021-09-12,29
2021-09-19,28
2021-09-26,27
2021-10-03,28
2021-10-10,27
2021-10-17,28
2021-10-24,28
2021-10-31,26
2021-11-07,27
2021-11-14,26
2021-11-21,25
2021-11-28,26
2021-12-05,25
2021-12-12,26
2021-12-19,28
2021-12-26,28
2022-01-02,25
2022-01-09,26
2022-01-16,24
2022-01-23,26
2022-01-30,26
2022-02-06,26
2022-02-13,25
2022-02-20,24
2022-02-27,26
2022-03-06,23
2022-03-13,22
2022-03-20,23
2022-03-27,25
2022-04-03,37
2022-04-10,34
2022-04-17,33
2022-04-24,37
2022-05-01,26
2022-05-08,22
2022-05-15,23
2022-05-22,23
2022-05-29,23
2022-06-05,23
2022-06-12,23
2022-06-19,24
2022-06-26,23
2022-07-03,27
2022-07-10,35
2022-07-17,25
2022-07-24,23
2022-07-31,23
2022-08-07,23
2022-08-14,24
2022-08-21,23
2022-08-28,23
2022-09-04,22
2022-09-11,21
2022-09-18,21
2022-09-25,22
2022-10-02,23
2022-10-09,23
2022-10-16,24
2022-10-23,24
2022-10-30,23
2022-11-06,23
2022-11-13,24
2022-11-20,21
2022-11-27,20
2022-12-04,19
2022-12-11,21
2022-12-18,22
2022-12-25,25
2023-01-01,22
2023-01-08,22
2023-01-15,24
2023-01-22,25
2023-01-29,23
2023-02-05,23
2023-02-12,23
2023-02-19,23
2023-02-26,22
2023-03-05,20
2023-03-12,22
2023-03-19,33
2023-03-26,31
2023-04-02,33
2023-04-09,30
2023-04-16,35
2023-04-23,19
2023-04-30,20
2023-05-07,19
2023-05-14,19
2023-05-21,20
